Repo,Commit Index,Commit Hash,Timestamp,High Confidence,Medium Confidence,Low Confidence,High Severity,Medium Severity,Low Severity,Unique CWEs
flask,1,81b3c85f51834a06bc8fbecf350bc20d756d8026,2024-01-18 09:15:01-08:00,3352,34,1,26,55,3306,"20, 259, 732, 330, 94, 377, 838, 22, 502, 79, 327, 78, 703"
flask,1,5e059be1b327f2f2f64115d2897c5864eff69b7d,2024-01-18 11:41:38-08:00,3352,34,1,26,55,3306,"20, 259, 732, 330, 94, 377, 838, 22, 502, 79, 327, 78, 703"
flask,1,da3a0ddfe2de5be718a2d7cb3021f350bf04c402,2024-01-18 11:53:19-08:00,3352,34,1,26,55,3306,"20, 259, 732, 330, 94, 377, 838, 22, 502, 79, 327, 78, 703"
flask,1,5fcc999b7df0f5cc71cfd9b74ea494b96486f84f,2024-01-18 11:57:22-08:00,3352,34,1,26,55,3306,"20, 259, 732, 330, 94, 377, 838, 22, 502, 79, 327, 78, 703"
flask,1,f622b1cadea2bed4ea4cc476695e9c181ec5da11,2024-01-18 11:57:33-08:00,3352,34,1,26,55,3306,"20, 259, 732, 330, 94, 377, 838, 22, 502, 79, 327, 78, 703"
flask,1,a4bada52d0c5442011665eb1ad4bdb61c06d28fe,2024-02-01 15:31:35+00:00,3352,34,1,26,55,3306,"20, 259, 732, 330, 94, 377, 838, 22, 502, 79, 327, 78, 703"
flask,1,484a7cc9a7ba2540ab2af5141196f5ab5809df33,2024-02-01 15:41:57+00:00,3352,34,1,26,55,3306,"20, 259, 732, 330, 94, 377, 838, 22, 502, 79, 327, 78, 703"
flask,1,3207af8827d4162ef5841249c46fbb9da043c551,2024-02-03 09:41:38-08:00,3352,34,1,26,55,3306,"20, 259, 732, 330, 94, 377, 838, 22, 502, 79, 327, 78, 703"
flask,1,ecc057dd4857e655f0844b781899a917852042a4,2024-02-03 12:14:38-08:00,3352,34,1,26,55,3306,"20, 259, 732, 330, 94, 377, 838, 22, 502, 79, 327, 78, 703"
flask,1,1af8f95785b85d0937153ee63d504c0b51934d80,2024-02-03 12:36:06-08:00,3353,34,1,26,55,3307,"20, 259, 732, 330, 94, 377, 838, 22, 502, 79, 327, 78, 703"
flask,1,d2030595dcdc8ca5701504f00255360fb12a3a2b,2024-02-03 12:54:41-08:00,3353,34,1,26,55,3307,"20, 259, 732, 330, 94, 377, 838, 22, 502, 79, 327, 78, 703"
flask,1,ad36383951c130f16e02b5f61b1161da99bc1ca4,2024-02-05 20:28:43+00:00,3353,34,1,26,55,3307,"20, 259, 732, 330, 94, 377, 838, 22, 502, 79, 327, 78, 703"
flask,1,0e59442f6cce9442c1dcaf8515df7182312fa6cd,2024-02-27 01:24:27+01:00,3353,34,1,26,55,3307,"20, 259, 732, 330, 94, 377, 838, 22, 502, 79, 327, 78, 703"
flask,1,87d5f5b9a9697434e6d972b021201105eabb54e6,2024-04-07 10:24:40-07:00,3353,34,1,26,55,3307,"20, 259, 732, 330, 94, 377, 838, 22, 502, 79, 327, 78, 703"
flask,1,be508c618411d72281672980abb19b2150581943,2024-04-07 18:04:59+00:00,3353,34,1,26,55,3307,"20, 259, 732, 330, 94, 377, 838, 22, 502, 79, 327, 78, 703"
flask,1,7320e311a0a3f190351173f8be90cab31dadbf73,2024-04-07 11:22:02-07:00,3353,34,1,26,55,3307,"20, 259, 732, 330, 94, 377, 838, 22, 502, 79, 327, 78, 703"
flask,1,db461112c70d5f2bf93c7a6ac27eeb665c232dd0,2024-04-07 11:41:13-07:00,3354,34,1,27,55,3307,"20, 259, 732, 330, 94, 377, 838, 22, 502, 79, 327, 78, 703"
flask,1,adb7dd99c295a28726c8d818fba54c7b3f958ecc,2024-04-07 12:03:19-07:00,3354,34,1,27,55,3307,"20, 259, 732, 330, 94, 377, 838, 22, 502, 79, 327, 78, 703"
flask,1,5fdce4c331ac530280cc941179d364a07f4a1088,2024-04-07 12:13:02-07:00,3354,34,1,27,55,3307,"20, 259, 732, 330, 94, 377, 838, 22, 502, 79, 327, 78, 703"
flask,1,c12a5d874c5a014495eb2db8a73f40037bc813ac,2024-04-07 12:17:41-07:00,3354,34,1,27,55,3307,"20, 259, 732, 330, 94, 377, 838, 22, 502, 79, 327, 78, 703"
flask,1,19610a9e46e0989054ecd0f6be2fcb981013d8eb,2024-04-07 12:29:49-07:00,3354,34,1,27,55,3307,"20, 259, 732, 330, 94, 377, 838, 22, 502, 79, 327, 78, 703"
flask,1,346d1abaff0270104ffa3a0e8bee7de279a1cee7,2024-04-08 15:28:28-07:00,3354,34,1,27,55,3307,"20, 259, 732, 330, 94, 377, 838, 22, 502, 79, 327, 78, 703"
flask,1,f958b6500b2aeb8edc578a07f00546becdad4c80,2024-04-08 15:28:57-07:00,3354,34,1,27,55,3307,"20, 259, 732, 330, 94, 377, 838, 22, 502, 79, 327, 78, 703"
flask,1,db0fe9436e9da7f7bd14683542bbf33ba3c6d5e4,2024-04-23 16:31:03-07:00,3354,34,1,27,55,3307,"20, 259, 732, 330, 94, 377, 838, 22, 502, 79, 327, 78, 703"
flask,1,ccf125bf30102beedafb3ecef72376bfb6c90a4d,2024-04-23 16:49:42-07:00,3354,34,1,27,55,3307,"20, 259, 732, 330, 94, 377, 838, 22, 502, 79, 327, 78, 703"
flask,1,b7278186c4e16c58a4dbd439eedf716146c19f53,2024-04-23 23:50:43+00:00,3354,34,1,27,55,3307,"20, 259, 732, 330, 94, 377, 838, 22, 502, 79, 327, 78, 703"
flask,1,224c639bf9f37b99bc66a879fbbc516f59857967,2024-04-23 23:52:58+00:00,3354,34,1,27,55,3307,"20, 259, 732, 330, 94, 377, 838, 22, 502, 79, 327, 78, 703"
flask,1,823e279e0dd40d8818a8d58c12a7df22caae1c04,2024-05-02 17:57:34+10:00,3354,34,1,27,55,3307,"20, 259, 732, 330, 94, 377, 838, 22, 502, 79, 327, 78, 703"
flask,1,a363642a32880114c7944b1017f2f69bd4cc00eb,2024-05-06 10:09:58-07:00,3354,34,1,27,55,3307,"20, 259, 732, 330, 94, 377, 838, 22, 502, 79, 327, 78, 703"
flask,1,eb1182a10e757b5e76009c69fdf3a88a5afc6840,2024-05-06 10:12:32-07:00,3354,34,1,27,55,3307,"20, 259, 732, 330, 94, 377, 838, 22, 502, 79, 327, 78, 703"
flask,1,a936b0c610ba86f542eb3855de2be674a7b9310b,2024-05-06 17:16:26+00:00,3354,34,1,27,55,3307,"20, 259, 732, 330, 94, 377, 838, 22, 502, 79, 327, 78, 703"
flask,1,273123f6b8fc0d871553f707e515816777c60e24,2024-05-06 17:19:27+00:00,3354,34,1,27,55,3307,"20, 259, 732, 330, 94, 377, 838, 22, 502, 79, 327, 78, 703"
flask,1,860a25c390eba8e6c089a818b02800dd9d789864,2024-05-06 10:23:10-07:00,3354,34,1,27,55,3307,"20, 259, 732, 330, 94, 377, 838, 22, 502, 79, 327, 78, 703"
flask,1,4e894892bc0230c46e998b6ea82b5b07b9943a39,2024-05-06 22:05:35+00:00,3354,34,1,27,55,3307,"20, 259, 732, 330, 94, 377, 838, 22, 502, 79, 327, 78, 703"
flask,1,9101439d7b7e21d5cf8a4a2a3dc92b9980539c6b,2024-05-11 08:37:47-07:00,3354,34,1,27,55,3307,"20, 259, 732, 330, 94, 377, 838, 22, 502, 79, 327, 78, 703"
flask,1,4a1766c252bac0de1368cc4eaefba1299f77d546,2024-05-25 10:23:44-07:00,3354,34,1,27,55,3307,"20, 259, 732, 330, 94, 377, 838, 22, 502, 79, 327, 78, 703"
flask,1,767ad19b10c64af1fa328383713ea97e23cc0080,2024-05-25 11:25:24-07:00,3354,34,1,27,55,3307,"20, 259, 732, 330, 94, 377, 838, 22, 502, 79, 327, 78, 703"
flask,1,c7da8c2aa3a923fc620ad480a8831a8a0f21ab37,2024-05-25 11:28:19-07:00,3354,34,1,27,55,3307,"20, 259, 732, 330, 94, 377, 838, 22, 502, 79, 327, 78, 703"
flask,1,f567ab90681235f38bdeaeda004d89e85b8627d9,2024-06-01 15:12:17+00:00,3354,34,1,27,55,3307,"20, 259, 732, 330, 94, 377, 838, 22, 502, 79, 327, 78, 703"
flask,1,e3535f99717bdf3882c0b48bff3e3eb244454e34,2024-06-01 15:55:45+00:00,3354,34,1,27,55,3307,"20, 259, 732, 330, 94, 377, 838, 22, 502, 79, 327, 78, 703"
flask,1,07c8f19bfd6128c7cbb9c61c41b43a9eeca1b435,2024-06-03 22:10:27+00:00,3354,34,1,27,55,3307,"20, 259, 732, 330, 94, 377, 838, 22, 502, 79, 327, 78, 703"
flask,1,d718ecf6d3dfc4656d262154c59672437c1ea075,2024-06-07 19:04:18+00:00,3354,34,1,27,55,3307,"20, 259, 732, 330, 94, 377, 838, 22, 502, 79, 327, 78, 703"
flask,1,e165f3aef4dbede5d7e3f71c336c89a268753ae9,2024-07-01 15:28:16+00:00,3354,34,1,27,55,3307,"20, 259, 732, 330, 94, 377, 838, 22, 502, 79, 327, 78, 703"
flask,1,7621b3d96ac2d53846c4df211bc05c5e13420028,2024-07-01 15:56:20+00:00,3354,34,1,27,55,3307,"20, 259, 732, 330, 94, 377, 838, 22, 502, 79, 327, 78, 703"
flask,1,3d357273b50ed9c8ca660f60fde255c26ff7a228,2024-07-02 00:15:33+00:00,3354,34,1,27,55,3307,"20, 259, 732, 330, 94, 377, 838, 22, 502, 79, 327, 78, 703"
flask,1,321bd74b954156553db3dca8f43b45cdd5a88f76,2024-07-10 18:06:15-07:00,3354,34,1,27,55,3307,"20, 259, 732, 330, 94, 377, 838, 22, 502, 79, 327, 78, 703"
flask,1,28d5a4d71824ff5823ae310e3fd014b48b33d583,2024-07-10 19:14:06-07:00,3355,34,1,27,55,3308,"20, 259, 732, 330, 94, 377, 838, 22, 502, 79, 327, 78, 703"
flask,1,4fe0aebab79a092615f5f86a24b91bac07fb2ef2,2024-08-01 15:48:34+00:00,3355,34,1,27,55,3308,"20, 259, 732, 330, 94, 377, 838, 22, 502, 79, 327, 78, 703"
flask,1,326ad3f43c63f84a69d6d08af276cbdf653efc51,2024-08-05 23:09:19+00:00,3355,34,1,27,55,3308,"20, 259, 732, 330, 94, 377, 838, 22, 502, 79, 327, 78, 703"
flask,1,0f2ae2b9330604247f553f41d310e7c0191275ef,2024-08-23 16:33:00-07:00,3354,34,1,27,55,3307,"20, 259, 732, 330, 94, 377, 838, 22, 502, 79, 327, 78, 703"
flask,1,29a94bd102805eafcea94a185808cd878cd3f5ad,2024-08-23 16:33:27-07:00,3354,34,1,27,55,3307,"20, 259, 732, 330, 94, 377, 838, 22, 502, 79, 327, 78, 703"
flask,1,2d31dce8262a68875c177645fa0c7585a45ac447,2024-08-23 16:33:40-07:00,3354,34,1,27,55,3307,"20, 259, 732, 330, 94, 377, 838, 22, 502, 79, 327, 78, 703"
flask,1,176fdfa0002360670f698d3828cfff11f97349f0,2024-08-23 16:33:52-07:00,3354,34,1,27,55,3307,"20, 259, 732, 330, 94, 377, 838, 22, 502, 79, 327, 78, 703"
flask,1,2c5d652493b79eecadd4407f24f2249948bd6ff2,2024-08-23 16:33:59-07:00,3354,34,1,27,55,3307,"20, 259, 732, 330, 94, 377, 838, 22, 502, 79, 327, 78, 703"
flask,1,40b78fa2ea9095197608287de9f0d902d2763b00,2024-08-23 16:41:39-07:00,3354,34,1,27,55,3307,"20, 259, 732, 330, 94, 377, 838, 22, 502, 79, 327, 78, 703"
flask,1,c77b099cbb979269d45df06753cadd8abc662e23,2024-08-23 17:18:38-07:00,3354,34,1,27,55,3307,"20, 259, 732, 330, 94, 377, 838, 22, 502, 79, 327, 78, 703"
flask,1,f93dd6e826a9bf00bf9e08d9bb3a03abcb1e974c,2024-08-23 18:05:21-07:00,3355,34,1,27,55,3308,"20, 259, 732, 330, 94, 377, 838, 22, 502, 79, 327, 78, 703"
flask,1,db49548d7168bba319fdba400bc201528cb1d3cd,2024-09-01 08:32:27-07:00,3355,34,1,27,55,3308,"20, 259, 732, 330, 94, 377, 838, 22, 502, 79, 327, 78, 703"
flask,1,111e5bd3129deee54ff62b0d13ed7e5739c27108,2024-09-01 08:48:02-07:00,3355,34,1,27,55,3308,"20, 259, 732, 330, 94, 377, 838, 22, 502, 79, 327, 78, 703"
flask,1,2fec0b206c6e83ea813ab26597e15c96fab08be7,2024-09-01 09:04:14-07:00,3355,34,1,27,55,3308,"20, 259, 732, 330, 94, 377, 838, 22, 502, 79, 327, 78, 703"
flask,1,e63ead4208c1e56723532878728ef9c2eb197b01,2024-09-24 08:54:01+08:00,3354,34,1,27,55,3307,"20, 259, 732, 330, 94, 377, 838, 22, 502, 79, 327, 78, 703"
flask,1,b337d210583a3f5f84d0f70b56ae9a82b029dab5,2024-10-18 10:02:35-07:00,3354,34,1,27,55,3307,"20, 259, 732, 330, 94, 377, 838, 22, 502, 79, 327, 78, 703"
flask,1,c5a5576522273ff028018c4e13d1fc4d0260495b,2024-10-18 10:03:49-07:00,3355,34,1,27,55,3308,"20, 259, 732, 330, 94, 377, 838, 22, 502, 79, 327, 78, 703"
flask,1,dffe3034825edc4f84aded013fc9c6590e545ed5,2024-10-18 13:04:35-07:00,3355,34,1,27,55,3308,"20, 259, 732, 330, 94, 377, 838, 22, 502, 79, 327, 78, 703"
flask,1,52ccd66735ba1f6e67d06e747d6a641980b788a3,2024-10-18 13:19:51-07:00,3354,34,1,27,55,3307,"20, 259, 732, 330, 94, 377, 838, 22, 502, 79, 327, 78, 703"
flask,1,74721b48f0347f19f134f386fab3421e5132fb53,2024-10-22 17:32:02-03:00,3354,34,1,27,55,3307,"20, 259, 732, 330, 94, 377, 838, 22, 502, 79, 327, 78, 703"
flask,1,8f2bc008ad724a52f3669ecb2de59c98deb69ce1,2024-10-24 13:27:52-07:00,3354,34,1,27,55,3307,"20, 259, 732, 330, 94, 377, 838, 22, 502, 79, 327, 78, 703"
flask,1,96800fb673cb7b2d75476096798e701e3e6d26bc,2024-10-24 13:28:46-07:00,3354,34,1,27,55,3307,"20, 259, 732, 330, 94, 377, 838, 22, 502, 79, 327, 78, 703"
flask,1,5e8cb740187c0561b36323dfc8510e58c3066838,2024-10-24 13:29:34-07:00,3355,34,1,27,55,3308,"20, 259, 732, 330, 94, 377, 838, 22, 502, 79, 327, 78, 703"
flask,1,9e831e915fa875423af0c0de8f53a3780055919e,2024-10-24 14:46:34-07:00,3355,34,1,27,55,3308,"20, 259, 732, 330, 94, 377, 838, 22, 502, 79, 327, 78, 703"
flask,1,1d610e44b396d11113bb6a5d168cc5e996a6dfb9,2024-10-31 12:30:53-07:00,3355,34,1,27,55,3308,"20, 259, 732, 330, 94, 377, 838, 22, 502, 79, 327, 78, 703"
flask,1,39e7208366bcf549fd7a2678a6d815dfe39196c5,2024-10-31 13:08:52-07:00,3355,34,1,27,55,3308,"20, 259, 732, 330, 94, 377, 838, 22, 502, 79, 327, 78, 703"
flask,1,8f37c82f6144fffc2ed30e49ee81a54702a0f317,2024-10-31 13:11:06-07:00,3355,34,1,27,55,3308,"20, 259, 732, 330, 94, 377, 838, 22, 502, 79, 327, 78, 703"
flask,1,c7a53888a1a514619b0611fd8b7928592f4ed612,2024-11-01 13:17:53-07:00,3367,34,1,27,55,3320,"20, 259, 732, 330, 94, 377, 838, 22, 502, 79, 327, 78, 703"
flask,1,9efc1ebeeb431769897798cdf8de2c67dcbbc9c0,2024-11-01 16:24:15-07:00,3369,34,1,27,55,3322,"20, 259, 732, 330, 94, 377, 838, 22, 502, 79, 327, 78, 703"
flask,1,df201ed152b61c439ea1ace179f35b424594ba6c,2024-11-01 16:44:17-07:00,3354,34,1,27,55,3307,"20, 259, 732, 330, 94, 377, 838, 22, 502, 79, 327, 78, 703"
flask,1,8aa161a43731795841fa2678d3dff0559cee527e,2024-11-01 17:18:52-07:00,3354,34,1,27,55,3307,"20, 259, 732, 330, 94, 377, 838, 22, 502, 79, 327, 78, 703"
flask,1,a9b99b3489cc24b5bed99fbadbd91f598a5a1420,2024-11-01 18:00:39-07:00,3354,34,1,27,55,3307,"20, 259, 732, 330, 94, 377, 838, 22, 502, 79, 327, 78, 703"
flask,1,98ae71897600a3162f529b1b30c70b8abdf0961b,2024-11-01 18:06:34-07:00,3354,34,1,27,55,3307,"20, 259, 732, 330, 94, 377, 838, 22, 502, 79, 327, 78, 703"
flask,1,6c44dd4bb8e4f2ca5f135f172de4725b2cada155,2024-11-06 09:47:57-08:00,3354,34,1,27,55,3307,"20, 259, 732, 330, 94, 377, 838, 22, 502, 79, 327, 78, 703"
flask,1,2c3160304278d323da8485057770926d1b582579,2024-11-07 11:54:29-08:00,3369,34,1,27,55,3322,"20, 259, 732, 330, 94, 377, 838, 22, 502, 79, 327, 78, 703"
flask,1,e13373f838ab34027c5a80e16a6cb8262d41eab7,2024-11-08 08:09:01-08:00,3372,35,1,27,55,3326,"20, 259, 732, 330, 94, 377, 838, 22, 502, 79, 327, 78, 703"
flask,1,470e2b8d17fd0032271b21f1d6775d48c3855a79,2024-11-08 09:48:59-08:00,3372,35,1,27,55,3326,"20, 259, 732, 330, 94, 377, 838, 22, 502, 79, 327, 78, 703"
flask,1,4995a775df21a206b529403bc30d71795a994fd4,2024-11-12 08:58:08-08:00,3375,35,1,27,55,3329,"20, 259, 732, 330, 94, 377, 838, 22, 502, 79, 327, 78, 703"
flask,1,4f7156f2c3271613b34d04040b502b9d7ae35eb9,2024-11-12 21:01:55-08:00,3378,35,1,27,55,3332,"20, 259, 732, 330, 94, 377, 838, 22, 502, 79, 327, 78, 703"
flask,1,f49dbfd3e451006a485e81ebce030495131c4454,2024-11-13 08:22:57-08:00,3378,35,1,27,55,3332,"20, 259, 732, 330, 94, 377, 838, 22, 502, 79, 327, 78, 703"
flask,1,6748a09341deeac16acb33996df95a31fae0c545,2024-11-13 08:48:10-08:00,3378,35,1,27,55,3332,"20, 259, 732, 330, 94, 377, 838, 22, 502, 79, 327, 78, 703"
flask,1,70602a196a6da90eb0d34cdfe5d4d16a99606279,2024-11-13 09:23:24-08:00,3378,35,1,27,55,3332,"20, 259, 732, 330, 94, 377, 838, 22, 502, 79, 327, 78, 703"
flask,1,ab8149664182b662453a563161aa89013c806dc9,2024-11-13 10:20:07-08:00,3378,35,1,27,55,3332,"20, 259, 732, 330, 94, 377, 838, 22, 502, 79, 327, 78, 703"
flask,1,18ffe1eaf6c2eeffc898f4e8a590c062c40b30dc,2024-11-20 19:37:06-08:00,3378,35,1,27,55,3332,"20, 259, 732, 330, 94, 377, 838, 22, 502, 79, 327, 78, 703"
flask,1,4fec712f329ceecd38729af6404a2c32aed83648,2024-11-23 15:33:38-08:00,3378,35,1,27,55,3332,"20, 259, 732, 330, 94, 377, 838, 22, 502, 79, 327, 78, 703"
flask,1,d22bfcd4cfe3b93daddfce8521f77447ca8d6b84,2024-11-23 15:41:36-08:00,3378,35,1,27,55,3332,"20, 259, 732, 330, 94, 377, 838, 22, 502, 79, 327, 78, 703"
flask,1,dcbe86bd1577bad9a1356acca5fced7d3fb3a0c3,2024-11-23 16:01:16-08:00,3378,35,1,27,55,3332,"20, 259, 732, 330, 94, 377, 838, 22, 502, 79, 327, 78, 703"
flask,1,b394a994e6d632643d0061e0e67772f076925951,2024-11-23 16:03:47-08:00,3378,35,1,27,55,3332,"20, 259, 732, 330, 94, 377, 838, 22, 502, 79, 327, 78, 703"
flask,1,54c3f87af9f6c0d6622cec2c3d9695b0229fb8fa,2024-11-23 17:50:40-08:00,3378,35,1,27,55,3332,"20, 259, 732, 330, 94, 377, 838, 22, 502, 79, 327, 78, 703"
flask,1,6b361ce06b08454329286214072139228e8c2f33,2025-01-05 09:01:49-08:00,3378,35,1,27,55,3332,"20, 259, 732, 330, 94, 377, 838, 22, 502, 79, 327, 78, 703"
flask,1,60a11a730e8aa2450115385798ab8710804c6409,2025-01-05 09:02:41-08:00,3378,35,1,27,55,3332,"20, 259, 732, 330, 94, 377, 838, 22, 502, 79, 327, 78, 703"
flask,1,5b525e97970b1b9706b4415de79abfe33e5955fc,2025-01-05 09:09:32-08:00,3378,35,1,27,55,3332,"20, 259, 732, 330, 94, 377, 838, 22, 502, 79, 327, 78, 703"
flask,1,959052fb8d49c4473f6d8a928d745ae7c38c7e95,2025-01-05 09:09:33-08:00,3378,35,1,27,55,3332,"20, 259, 732, 330, 94, 377, 838, 22, 502, 79, 327, 78, 703"
scikit-learn,1,4ec5f69061a9c37e0f6b9920e296e06c6b4669ac,2025-02-11 19:58:01+01:00,9494,28,5,28,114,9385,"20, 259, 732, 330, 94, 400, 377, 502, 22, 838, 327, 78, 703"
scikit-learn,1,20e10dd9d23c13a197293df6603675cc85b04ef4,2025-02-12 15:22:59+01:00,9494,28,5,28,114,9385,"20, 259, 732, 330, 94, 400, 377, 502, 22, 838, 327, 78, 703"
scikit-learn,1,47ab98cbaf118a99b94d4734ba179583164702f2,2025-02-12 17:00:52+01:00,9494,28,5,28,114,9385,"20, 259, 732, 330, 94, 400, 377, 502, 22, 838, 327, 78, 703"
scikit-learn,1,f93ff1b44a7de4ad09f54b1b6984f0da99813fbe,2025-02-12 16:37:47+00:00,9494,28,5,28,114,9385,"20, 259, 732, 330, 94, 400, 377, 502, 22, 838, 327, 78, 703"
scikit-learn,1,915d1f84b99e0b3d4dca6ab9c6211bb22a8321cc,2025-02-13 10:33:52+01:00,9494,28,5,28,114,9385,"20, 259, 732, 330, 94, 400, 377, 502, 22, 838, 327, 78, 703"
scikit-learn,1,fabae96402ccaaeb9f236a8902ccc2f3725e6d11,2025-02-13 13:47:32+00:00,9494,28,5,28,114,9385,"20, 259, 732, 330, 94, 400, 377, 502, 22, 838, 327, 78, 703"
scikit-learn,1,839f84c1deac72ced31e43bd7bc5eb1c1dbc3a6e,2025-02-13 16:28:48+01:00,9494,28,5,28,114,9385,"20, 259, 732, 330, 94, 400, 377, 502, 22, 838, 327, 78, 703"
scikit-learn,1,5c95ebe7520ce819cfb58f69c0e650fd4cd230d6,2025-02-14 07:32:02+01:00,9494,28,5,28,114,9385,"20, 259, 732, 330, 94, 400, 377, 502, 22, 838, 327, 78, 703"
scikit-learn,1,2b97ac5b97fb428a91893d594fc8e381ce00a911,2025-02-14 07:47:30+01:00,9494,28,5,28,114,9385,"20, 259, 732, 330, 94, 400, 377, 502, 22, 838, 327, 78, 703"
scikit-learn,1,ebc1276e7b859c84de60bebf9e2a5871ed205f0d,2025-02-14 18:59:08+05:00,9494,28,5,28,114,9385,"20, 259, 732, 330, 94, 400, 377, 502, 22, 838, 327, 78, 703"
scikit-learn,1,5aece174103f3b1238c2ed8ac6cc246977c42520,2025-02-15 12:36:23-05:00,9494,28,5,28,114,9385,"20, 259, 732, 330, 94, 400, 377, 502, 22, 838, 327, 78, 703"
scikit-learn,1,7e861bcbfe577c0cfff250a7097985b69ca0877c,2025-02-16 13:46:40+01:00,9494,28,5,28,114,9385,"20, 259, 732, 330, 94, 400, 377, 502, 22, 838, 327, 78, 703"
scikit-learn,1,bccd697bb45c85e916c7d3004d1b5bc908d38a84,2025-02-16 15:34:11+01:00,9494,28,5,28,114,9385,"20, 259, 732, 330, 94, 400, 377, 502, 22, 838, 327, 78, 703"
scikit-learn,1,033a46cf2190ef11c40812bdc7b0380c4eea3f22,2025-02-17 10:08:55+00:00,9494,28,5,28,114,9385,"20, 259, 732, 330, 94, 400, 377, 502, 22, 838, 327, 78, 703"
scikit-learn,1,40f5eb1386b244fc90b218b1d1fab28421d738c1,2025-02-17 14:11:19+00:00,9494,28,5,28,114,9385,"20, 259, 732, 330, 94, 400, 377, 502, 22, 838, 327, 78, 703"
scikit-learn,1,3c0e722a647ba649d08dbf6473873eeb79dbf2f2,2025-02-17 15:34:35+01:00,9494,28,5,28,114,9385,"20, 259, 732, 330, 94, 400, 377, 502, 22, 838, 327, 78, 703"
scikit-learn,1,6d14a5885c5fa1dd0f2f577dad6d59bc4aa292a6,2025-02-18 10:12:49+01:00,9494,28,5,28,114,9385,"20, 259, 732, 330, 94, 400, 377, 502, 22, 838, 327, 78, 703"
scikit-learn,1,bc7e720a3061b696666ca0162c78637bffc35432,2025-02-18 16:42:06+01:00,9494,28,5,28,114,9385,"20, 259, 732, 330, 94, 400, 377, 502, 22, 838, 327, 78, 703"
scikit-learn,1,bac46762be1d2926663f99de306d9794e63e1fb2,2025-02-18 17:48:06+00:00,9494,28,5,28,114,9385,"20, 259, 732, 330, 94, 400, 377, 502, 22, 838, 327, 78, 703"
scikit-learn,1,a12239975c8b9b802e22efb087e32781b3a7e50e,2025-02-18 17:51:02-05:00,9494,28,5,28,114,9385,"20, 259, 732, 330, 94, 400, 377, 502, 22, 838, 327, 78, 703"
scikit-learn,1,29b3f85ea439b2a23730fb42ee4d72c1c3ed731b,2025-02-18 17:51:35-05:00,9494,28,5,28,114,9385,"20, 259, 732, 330, 94, 400, 377, 502, 22, 838, 327, 78, 703"
scikit-learn,1,ee4e1637cede6d6d3176233e8e6f134081d4a638,2025-02-19 10:36:12+00:00,9494,28,5,28,114,9385,"20, 259, 732, 330, 94, 400, 377, 502, 22, 838, 327, 78, 703"
scikit-learn,1,6a2472fa5e48a53907418a427c29562a889bd1a7,2025-02-19 13:25:07+01:00,9494,28,5,28,114,9385,"20, 259, 732, 330, 94, 400, 377, 502, 22, 838, 327, 78, 703"
scikit-learn,1,181fbd91df2897ddf485a9521aa29e13b8d6849a,2025-02-20 15:04:09+00:00,9494,28,5,28,114,9385,"20, 259, 732, 330, 94, 400, 377, 502, 22, 838, 327, 78, 703"
scikit-learn,1,601dfd130f5b6feea7878e13f6c1a5f81820fe41,2025-02-21 14:33:04+05:00,9494,28,5,28,114,9385,"20, 259, 732, 330, 94, 400, 377, 502, 22, 838, 327, 78, 703"
scikit-learn,1,2907b1243a0b03e8b17100b152b8bcda11ec6801,2025-02-21 08:56:31-05:00,9494,28,5,28,114,9385,"20, 259, 732, 330, 94, 400, 377, 502, 22, 838, 327, 78, 703"
scikit-learn,1,79e96eff2bf68a65c0644d2f66a9711982c6218e,2025-02-23 21:11:44-05:00,9494,28,5,28,114,9385,"20, 259, 732, 330, 94, 400, 377, 502, 22, 838, 327, 78, 703"
scikit-learn,1,98af964055bb1e719de0468ff1ddf58ec1e9d3d0,2025-02-24 10:12:38+01:00,9494,28,5,28,114,9385,"20, 259, 732, 330, 94, 400, 377, 502, 22, 838, 327, 78, 703"
scikit-learn,1,09881081a26ebddcf4907717f2676ed0973252ed,2025-02-24 14:40:23+01:00,9494,28,5,28,114,9385,"20, 259, 732, 330, 94, 400, 377, 502, 22, 838, 327, 78, 703"
scikit-learn,1,66ffb58a153c35ae31d8993478c652aa028b5241,2025-02-24 13:45:47+00:00,9494,28,5,28,114,9385,"20, 259, 732, 330, 94, 400, 377, 502, 22, 838, 327, 78, 703"
scikit-learn,1,243d61ac44f388b04c5bde0047c21c7afc667778,2025-02-24 14:53:21+01:00,9494,28,5,28,114,9385,"20, 259, 732, 330, 94, 400, 377, 502, 22, 838, 327, 78, 703"
scikit-learn,1,fa8c15f67fa557ce2ac92926d5c14a2c5de8ace6,2025-02-24 13:56:56+00:00,9494,28,5,28,114,9385,"20, 259, 732, 330, 94, 400, 377, 502, 22, 838, 327, 78, 703"
scikit-learn,1,836f8afb06c9845f43880629b381fdcc81d44260,2025-02-24 15:09:27+00:00,9494,28,5,28,114,9385,"20, 259, 732, 330, 94, 400, 377, 502, 22, 838, 327, 78, 703"
scikit-learn,1,0b5cd27ac5616d15e7be1261d18a0da67f4c3a45,2025-02-24 16:12:18+00:00,9495,28,5,28,114,9386,"20, 259, 732, 330, 94, 400, 377, 502, 22, 838, 327, 78, 703"
scikit-learn,1,e13e28022c3574250ab6c7c091742bbfc74c51b8,2025-02-24 18:00:41-05:00,9495,28,5,28,114,9386,"20, 259, 732, 330, 94, 400, 377, 502, 22, 838, 327, 78, 703"
scikit-learn,1,ada9947d22b2e96c63a62d071e81b6fc048dbe02,2025-02-25 12:56:00+05:00,9495,28,5,28,114,9386,"20, 259, 732, 330, 94, 400, 377, 502, 22, 838, 327, 78, 703"
scikit-learn,1,649cf35f4741a5e606f4db68c8dbdc4171d6cff9,2025-02-25 10:09:50-05:00,9495,28,5,28,114,9386,"20, 259, 732, 330, 94, 400, 377, 502, 22, 838, 327, 78, 703"
scikit-learn,1,519902db9cec3fe3fc83f2311f1ce1dc0c125f5d,2025-02-25 16:46:37+01:00,9495,28,5,28,114,9386,"20, 259, 732, 330, 94, 400, 377, 502, 22, 838, 327, 78, 703"
scikit-learn,1,72e30c9e2078a1d69560de24c47a4731f6eed939,2025-02-25 18:26:38+01:00,9495,28,5,28,114,9386,"20, 259, 732, 330, 94, 400, 377, 502, 22, 838, 327, 78, 703"
scikit-learn,1,728b3fcd4127976444fd215b165292a7cd4331e2,2025-02-25 18:28:23+01:00,9495,28,5,28,114,9386,"20, 259, 732, 330, 94, 400, 377, 502, 22, 838, 327, 78, 703"
scikit-learn,1,5876f901af4fe1c79ecd78f3069bf853ecb88054,2025-02-25 18:41:17+00:00,9495,28,5,28,114,9386,"20, 259, 732, 330, 94, 400, 377, 502, 22, 838, 327, 78, 703"
scikit-learn,1,a5e95048930a1dd20b44a83a31c225b1ade2f578,2025-02-25 22:23:31+01:00,9495,28,5,28,114,9386,"20, 259, 732, 330, 94, 400, 377, 502, 22, 838, 327, 78, 703"
scikit-learn,1,5eb676ac9afd4a5d90cdda198d174c2c8d2da226,2025-02-26 09:47:45+01:00,9494,28,5,28,114,9385,"20, 259, 732, 330, 94, 400, 377, 502, 22, 838, 327, 78, 703"
scikit-learn,1,fef620292973dd25ca206c8bbdff194771c857fc,2025-02-27 23:15:16-05:00,9494,28,5,28,114,9385,"20, 259, 732, 330, 94, 400, 377, 502, 22, 838, 327, 78, 703"
scikit-learn,1,9ce8be6995995967900d9ed559a3cc712a1e6fa4,2025-03-02 12:24:23+05:00,9494,28,5,28,114,9385,"20, 259, 732, 330, 94, 400, 377, 502, 22, 838, 327, 78, 703"
scikit-learn,1,0a39bb524504cffa810b4da06455c63357de7149,2025-03-03 11:04:19+05:00,9494,28,5,28,114,9385,"20, 259, 732, 330, 94, 400, 377, 502, 22, 838, 327, 78, 703"
scikit-learn,1,29d6766b3f831a5262638de4ba4775aca0192fda,2025-03-03 09:42:26+01:00,9494,28,5,28,114,9385,"20, 259, 732, 330, 94, 400, 377, 502, 22, 838, 327, 78, 703"
scikit-learn,1,ec207984ee290d7ac6dee0d20ef6c5990eca06dd,2025-03-03 14:09:28+01:00,9494,28,5,28,114,9385,"20, 259, 732, 330, 94, 400, 377, 502, 22, 838, 327, 78, 703"
scikit-learn,1,7b09f959d3af4b70171a2c5f409e86c587fd2dd4,2025-03-03 18:18:57+01:00,9497,28,5,28,114,9388,"20, 259, 732, 330, 94, 400, 377, 502, 22, 838, 327, 78, 703"
scikit-learn,1,ace18d29f20ad097df80817eb575df2ae96c3cbc,2025-03-03 18:20:51+01:00,9497,28,5,28,114,9388,"20, 259, 732, 330, 94, 400, 377, 502, 22, 838, 327, 78, 703"
scikit-learn,1,793171f06df305100d3bcc833635eb336c7e0fb2,2025-03-03 18:21:50+01:00,9497,28,5,28,114,9388,"20, 259, 732, 330, 94, 400, 377, 502, 22, 838, 327, 78, 703"
scikit-learn,1,1b52e157551081e6bc7000c4d4e03647a90b775b,2025-03-03 18:24:56+01:00,9497,28,5,28,114,9388,"20, 259, 732, 330, 94, 400, 377, 502, 22, 838, 327, 78, 703"
scikit-learn,1,f83a15b06cdf807a6c8e3863a257e2d7ea8dfbf9,2025-03-04 07:33:32+01:00,9497,28,5,28,114,9388,"20, 259, 732, 330, 94, 400, 377, 502, 22, 838, 327, 78, 703"
scikit-learn,1,8a9a8827a7128344aac4cdf30b58c3f29479c68d,2025-03-04 11:45:44+05:00,9497,28,5,28,114,9388,"20, 259, 732, 330, 94, 400, 377, 502, 22, 838, 327, 78, 703"
scikit-learn,1,d6334e11788d7e04a9501a9d67f7e8bf0358c8e4,2025-03-04 08:39:52+00:00,9498,28,5,28,114,9389,"20, 259, 732, 330, 94, 400, 377, 502, 22, 838, 327, 78, 703"
scikit-learn,1,d0ee195cdc1e321ec1d094283aaa30fe061d9572,2025-03-04 10:29:35+01:00,9498,28,5,28,114,9389,"20, 259, 732, 330, 94, 400, 377, 502, 22, 838, 327, 78, 703"
scikit-learn,1,5f50a8706f46e971aa053791a1441ac8a4ebd623,2025-03-04 13:45:13-05:00,9498,28,5,28,114,9389,"20, 259, 732, 330, 94, 400, 377, 502, 22, 838, 327, 78, 703"
scikit-learn,1,2c0cdd479a2d229e88afbb97cce91eef3d1b07c9,2025-03-06 17:34:36-05:00,9498,28,5,28,114,9389,"20, 259, 732, 330, 94, 400, 377, 502, 22, 838, 327, 78, 703"
scikit-learn,1,88283eeed565666fa7d11c3529c315bc1cab8efd,2025-03-07 09:46:05+00:00,9500,28,5,28,114,9391,"20, 259, 732, 330, 94, 400, 377, 502, 22, 838, 327, 78, 703"
scikit-learn,1,368a200ca2c08021f49c1126e5431042c2b5238f,2025-03-07 14:47:54+05:00,9500,28,5,28,114,9391,"20, 259, 732, 330, 94, 400, 377, 502, 22, 838, 327, 78, 703"
scikit-learn,1,56ea300617daaf5a5a5cf5e206b08ceb708ab251,2025-03-07 22:18:13-05:00,9500,28,5,28,114,9391,"20, 259, 732, 330, 94, 400, 377, 502, 22, 838, 327, 78, 703"
scikit-learn,1,5cce87176a530d2abea45b5a7e5a4d837c481749,2025-03-10 11:20:44+01:00,9500,28,5,28,114,9391,"20, 259, 732, 330, 94, 400, 377, 502, 22, 838, 327, 78, 703"
scikit-learn,1,ad840ac2ae7942f8b5c32830995648fac3de09fe,2025-03-10 18:45:20+01:00,9500,28,5,28,114,9391,"20, 259, 732, 330, 94, 400, 377, 502, 22, 838, 327, 78, 703"
scikit-learn,1,54f6046fc806644baac1d01990233b041590b882,2025-03-10 22:57:41+01:00,9500,28,5,28,114,9391,"20, 259, 732, 330, 94, 400, 377, 502, 22, 838, 327, 78, 703"
scikit-learn,1,cd3cdfff42471fe9a94ebb7730fd5ad15ac7bf1a,2025-03-12 22:44:43-04:00,9500,28,5,28,114,9391,"20, 259, 732, 330, 94, 400, 377, 502, 22, 838, 327, 78, 703"
scikit-learn,1,0b43f728b65a14a74a53bcf0a9692efc163993a3,2025-03-13 13:56:53+01:00,9500,28,5,28,114,9391,"20, 259, 732, 330, 94, 400, 377, 502, 22, 838, 327, 78, 703"
langchain,1,0b80bec0158a53e8941d09bc442a999ae08d33a3,2025-03-14 17:09:38+00:00,15588,215,276,58,387,15634,"20, 89, 259, 732, 605, 330, 94, 400, 377, 838, 22, 502, 295, 327, 78, 703"
langchain,1,2c99f120627e1d7964260ba5401fc4ae42d079b1,2025-03-14 14:53:03-04:00,15590,215,276,58,387,15636,"20, 89, 259, 732, 605, 330, 94, 400, 377, 838, 22, 502, 295, 327, 78, 703"
langchain,1,18f9b5d8ab8cc2e2e0ca15d6ed1b193460dcd685,2025-03-14 18:54:11+00:00,15590,215,276,58,387,15636,"20, 89, 259, 732, 605, 330, 94, 400, 377, 838, 22, 502, 295, 327, 78, 703"
langchain,1,65a8f30729ea388236fcefb150c9759d405281ea,2025-03-14 14:54:57-04:00,15590,215,276,58,387,15636,"20, 89, 259, 732, 605, 330, 94, 400, 377, 838, 22, 502, 295, 327, 78, 703"
langchain,1,ac22cde1300f3245ec2559ce74edfc7ccda9f980,2025-03-14 14:56:50-04:00,15590,215,276,58,387,15636,"20, 89, 259, 732, 605, 330, 94, 400, 377, 838, 22, 502, 295, 327, 78, 703"
langchain,1,f54f14b747729c6bba403481ce24f5b83d62147a,2025-03-14 15:07:56-04:00,15590,215,276,58,387,15636,"20, 89, 259, 732, 605, 330, 94, 400, 377, 838, 22, 502, 295, 327, 78, 703"
langchain,1,c74e7b997daaae36166e71ce685850f8dc9db28e,2025-03-14 15:14:23-04:00,15619,215,276,58,387,15665,"20, 89, 259, 732, 605, 330, 94, 400, 377, 838, 22, 502, 295, 327, 78, 703"
langchain,1,747efa16ec7bbfda1331dee0a64dc3bef53dfefc,2025-03-14 22:22:29-04:00,15619,215,276,58,387,15665,"20, 89, 259, 732, 605, 330, 94, 400, 377, 838, 22, 502, 295, 327, 78, 703"
scikit-learn,1,02eaa94d82655a94224984f6cc5230ef6b1534ad,2025-03-15 13:17:41+01:00,9500,28,5,28,114,9391,"20, 259, 732, 330, 94, 400, 377, 502, 22, 838, 327, 78, 703"
scikit-learn,1,39c8e1bd3cfbca2790c2b4414ab75b064e540a1e,2025-03-15 11:57:13-04:00,9500,28,5,28,114,9391,"20, 259, 732, 330, 94, 400, 377, 502, 22, 838, 327, 78, 703"
scikit-learn,1,b0a90e77474a5db5a6cd7cf7f2f4bf86c019b78c,2025-03-17 10:20:12+01:00,9500,28,5,28,114,9391,"20, 259, 732, 330, 94, 400, 377, 502, 22, 838, 327, 78, 703"
scikit-learn,1,9f3b8435e5dcf6e6f53cc6d2bfa172c2bd119c61,2025-03-17 10:20:39+01:00,9500,28,5,28,114,9391,"20, 259, 732, 330, 94, 400, 377, 502, 22, 838, 327, 78, 703"
scikit-learn,1,19819bdc8e6c2a2a3cc6019b3f97c66ea33f07b9,2025-03-17 10:20:57+01:00,9500,28,5,28,114,9391,"20, 259, 732, 330, 94, 400, 377, 502, 22, 838, 327, 78, 703"
scikit-learn,1,1bd24a27498ca8ab4836ebb25ee554f381ae4d8b,2025-03-17 11:17:38+01:00,9500,28,5,28,114,9391,"20, 259, 732, 330, 94, 400, 377, 502, 22, 838, 327, 78, 703"
langchain,1,d8510270eeb7233ac68a759eabfe059e3588fdf6,2025-03-17 15:15:57+00:00,15624,215,276,58,387,15670,"20, 89, 259, 732, 605, 330, 94, 400, 377, 838, 22, 502, 295, 327, 78, 703"
langchain,1,eb9b992aa69553bc1c49ec681809d9559dedb758,2025-03-17 12:02:21-04:00,15629,215,276,58,387,15675,"20, 89, 259, 732, 605, 330, 94, 400, 377, 838, 22, 502, 295, 327, 78, 703"
langchain,1,5684653775d4cd00480d5b794c45f18819d6b8fe,2025-03-17 16:08:41+00:00,15629,215,276,58,387,15675,"20, 89, 259, 732, 605, 330, 94, 400, 377, 838, 22, 502, 295, 327, 78, 703"
scikit-learn,1,774316c968f53b30e0a918b87ad78ce84fb40c69,2025-03-17 17:41:12+01:00,9500,28,5,28,114,9391,"20, 259, 732, 330, 94, 400, 377, 502, 22, 838, 327, 78, 703"
langchain,1,e2ab4ccab32516fb51921f9e3644f1ccd1a1f9da,2025-03-17 16:45:47+00:00,15629,215,276,58,387,15675,"20, 89, 259, 732, 605, 330, 94, 400, 377, 838, 22, 502, 295, 327, 78, 703"
langchain,1,2c8b8114fa8080356f154940b0e9e9ac776e0b05,2025-03-17 16:46:28+00:00,15629,215,276,58,387,15675,"20, 89, 259, 732, 605, 330, 94, 400, 377, 838, 22, 502, 295, 327, 78, 703"
langchain,1,620d723fbfaffdf012ecd40d80abae0e2dbf47c9,2025-03-17 16:46:32+00:00,15629,215,276,58,387,15675,"20, 89, 259, 732, 605, 330, 94, 400, 377, 838, 22, 502, 295, 327, 78, 703"
langchain,1,a5eca20e1b9747d0d5e9ac5aa39c9538c2fab13b,2025-03-17 16:47:09+00:00,15629,215,276,58,387,15675,"20, 89, 259, 732, 605, 330, 94, 400, 377, 838, 22, 502, 295, 327, 78, 703"
langchain,1,192035f8c0616989c8a419888d72100be88761d5,2025-03-17 16:54:32+00:00,15629,215,276,58,387,15675,"20, 89, 259, 732, 605, 330, 94, 400, 377, 838, 22, 502, 295, 327, 78, 703"
langchain,1,531319f65b6a084b6b64d42195bd17a340ceafbb,2025-03-17 18:42:42+00:00,15629,215,276,58,387,15675,"20, 89, 259, 732, 605, 330, 94, 400, 377, 838, 22, 502, 295, 327, 78, 703"
langchain,1,4c68749e38f6950a419258277a57c1944b6ba4fc,2025-03-17 18:53:16+00:00,15629,215,276,58,387,15675,"20, 89, 259, 732, 605, 330, 94, 400, 377, 838, 22, 502, 295, 327, 78, 703"
langchain,1,54eab796abaa8872a10a6715c741dfb4161a6fc6,2025-03-17 15:39:10-04:00,15629,215,276,58,387,15675,"20, 89, 259, 732, 605, 330, 94, 400, 377, 838, 22, 502, 295, 327, 78, 703"
langchain,1,9b48e4c2b0d82d3caaeeeed2c045fcaa8e994674,2025-03-17 14:35:22-07:00,15629,215,276,58,387,15675,"20, 89, 259, 732, 605, 330, 94, 400, 377, 838, 22, 502, 295, 327, 78, 703"
langchain,1,789db7398b54e622bf3441c8456c348bc6d98290,2025-03-17 23:32:33+00:00,15632,215,276,58,387,15678,"20, 89, 259, 732, 605, 330, 94, 400, 377, 838, 22, 502, 295, 327, 78, 703"
langchain,1,1985aaf095007f86b1d04064ab596e071a80b63c,2025-03-17 23:37:16+00:00,15631,215,276,58,387,15677,"20, 89, 259, 732, 605, 330, 94, 400, 377, 838, 22, 502, 295, 327, 78, 703"
langchain,1,98a9ef19ec6fea710aa2c38507f77d921148ef84,2025-03-17 23:37:43+00:00,15631,215,276,58,387,15677,"20, 89, 259, 732, 605, 330, 94, 400, 377, 838, 22, 502, 295, 327, 78, 703"
langchain,1,036f00dc928a0db31e7c52b822118f662e1d23ad,2025-03-17 19:52:33-04:00,15631,215,276,58,387,15677,"20, 89, 259, 732, 605, 330, 94, 400, 377, 838, 22, 502, 295, 327, 78, 703"
scikit-learn,1,8f167d27090ea474442dac86d8d1bd492739ff42,2025-03-17 21:22:51-04:00,9500,28,5,28,114,9391,"20, 259, 732, 330, 94, 400, 377, 502, 22, 838, 327, 78, 703"
langchain,1,7ff7c4f81be96e024b4aacf8fdce11ef89a93834,2025-03-17 22:04:13-04:00,15631,215,276,58,387,15677,"20, 89, 259, 732, 605, 330, 94, 400, 377, 838, 22, 502, 295, 327, 78, 703"
langchain,1,f6a17fbc564ee8e75cdbe376f22171f78fc86159,2025-03-17 22:09:02-04:00,15631,215,276,58,387,15677,"20, 89, 259, 732, 605, 330, 94, 400, 377, 838, 22, 502, 295, 327, 78, 703"
scikit-learn,1,fe7c4176828af5231f526e76683fb9bdb9ea0367,2025-03-18 09:36:12+01:00,9500,28,5,28,114,9391,"20, 259, 732, 330, 94, 400, 377, 502, 22, 838, 327, 78, 703"
scikit-learn,1,b0eebfce2f9934ab3131736a6505ed7f6a72b11d,2025-03-18 09:44:27+01:00,9500,28,5,28,114,9391,"20, 259, 732, 330, 94, 400, 377, 502, 22, 838, 327, 78, 703"
scikit-learn,1,a7b3da1f133f1a6d3f2eee4fdba8503c8609ea3a,2025-03-18 09:48:41+01:00,9500,28,5,28,114,9391,"20, 259, 732, 330, 94, 400, 377, 502, 22, 838, 327, 78, 703"
scikit-learn,1,5f6bb462fa97917087bc24a3238b54e3a8d5733b,2025-03-18 10:09:48+01:00,9500,28,5,28,114,9391,"20, 259, 732, 330, 94, 400, 377, 502, 22, 838, 327, 78, 703"
scikit-learn,1,564b3c13984e85a58ec1975265db52b89f87fd5f,2025-03-18 10:14:47+01:00,9500,28,5,28,114,9391,"20, 259, 732, 330, 94, 400, 377, 502, 22, 838, 327, 78, 703"
scikit-learn,1,d1d6d882b974783eaa64a56933d1dab9ca0d6c28,2025-03-18 10:18:39+01:00,9500,28,5,28,114,9391,"20, 259, 732, 330, 94, 400, 377, 502, 22, 838, 327, 78, 703"
scikit-learn,1,99eeaf46622a35aa9d8bcc32e30ed7aa5208bcda,2025-03-18 10:22:41+01:00,9500,28,5,28,114,9391,"20, 259, 732, 330, 94, 400, 377, 502, 22, 838, 327, 78, 703"
scikit-learn,1,d2dbcff60e69459e990199b83b413264ab401dcd,2025-03-18 11:25:30+01:00,9500,28,5,28,114,9391,"20, 259, 732, 330, 94, 400, 377, 502, 22, 838, 327, 78, 703"
scikit-learn,1,239112a77970c984ae15111d700264ff26aade72,2025-03-18 14:29:24+00:00,9500,28,5,28,114,9391,"20, 259, 732, 330, 94, 400, 377, 502, 22, 838, 327, 78, 703"
langchain,1,b91daf06eb5380e0ef453ddea586901c5669106d,2025-03-18 10:50:34-04:00,15631,215,276,58,387,15677,"20, 89, 259, 732, 605, 330, 94, 400, 377, 838, 22, 502, 295, 327, 78, 703"
scikit-learn,1,a76b02924b91d322e4a9fc7ceeefffe50372a1dc,2025-03-18 16:17:29+01:00,9500,28,5,28,114,9391,"20, 259, 732, 330, 94, 400, 377, 502, 22, 838, 327, 78, 703"
langchain,1,5a6e1254a77ef0bf5119f28505ec07d0829ba3b5,2025-03-18 11:43:10-04:00,15631,215,276,58,387,15677,"20, 89, 259, 732, 605, 330, 94, 400, 377, 838, 22, 502, 295, 327, 78, 703"
langchain,1,492b4c1604300385f5fe539876f9dab7f26ab870,2025-03-18 11:47:45-04:00,15631,215,276,58,387,15677,"20, 89, 259, 732, 605, 330, 94, 400, 377, 838, 22, 502, 295, 327, 78, 703"
langchain,1,251551ccf1ffdb5e8dbac8b418eb4b63cf6be810,2025-03-18 11:50:16-04:00,15631,215,276,58,387,15677,"20, 89, 259, 732, 605, 330, 94, 400, 377, 838, 22, 502, 295, 327, 78, 703"
langchain,1,ff8ce60dccf3ba40a5731bdb0f38d5efc245b1ac,2025-03-18 11:53:20-04:00,15631,215,276,58,387,15677,"20, 89, 259, 732, 605, 330, 94, 400, 377, 838, 22, 502, 295, 327, 78, 703"
langchain,1,46d6bf0330a8553130a6c323251c78b94218c3c0,2025-03-18 12:44:22-04:00,15631,215,276,58,387,15677,"20, 89, 259, 732, 605, 330, 94, 400, 377, 838, 22, 502, 295, 327, 78, 703"
scikit-learn,1,0372d5e0b5052de174acbd5673303ffc0677e1b5,2025-03-18 17:45:43+01:00,9501,28,5,28,114,9392,"20, 259, 732, 330, 94, 400, 377, 502, 22, 838, 327, 78, 703"
langchain,1,36412c02b6262547e846efbdad8da9c0a9063b7b,2025-03-18 13:12:56-04:00,15631,215,276,58,387,15677,"20, 89, 259, 732, 605, 330, 94, 400, 377, 838, 22, 502, 295, 327, 78, 703"
scikit-learn,1,89cf3d24e8ff892e14d611fdabc852928f46e27b,2025-03-18 17:31:18+00:00,9501,28,5,28,114,9392,"20, 259, 732, 330, 94, 400, 377, 502, 22, 838, 327, 78, 703"
scikit-learn,1,efc355e9fd785b5cb9a006ae54487547c155ef20,2025-03-18 17:48:18+00:00,9501,28,5,28,114,9392,"20, 259, 732, 330, 94, 400, 377, 502, 22, 838, 327, 78, 703"
scikit-learn,1,5cdbbf15e3fade7cc2462ef66dc4ea0f37f390e3,2025-03-18 15:10:10-04:00,9501,28,5,28,114,9392,"20, 259, 732, 330, 94, 400, 377, 502, 22, 838, 327, 78, 703"
langchain,1,958f85d54127c30c67962ee379ee931ca8fcf6f1,2025-03-18 19:11:37+00:00,15631,215,276,58,387,15677,"20, 89, 259, 732, 605, 330, 94, 400, 377, 838, 22, 502, 295, 327, 78, 703"
langchain,1,2909b490453480b78fb962c43aaee87d7795f899,2025-03-18 19:13:20+00:00,15631,215,276,58,387,15677,"20, 89, 259, 732, 605, 330, 94, 400, 377, 838, 22, 502, 295, 327, 78, 703"
langchain,1,f6cf2ce2ad4e4ca291a67420d2bfa8b6e29a6f6d,2025-03-18 19:29:11+00:00,15631,215,276,58,387,15677,"20, 89, 259, 732, 605, 330, 94, 400, 377, 838, 22, 502, 295, 327, 78, 703"
langchain,1,168f1dfd9352f93d4def3d500a94505583f0a124,2025-03-18 20:53:43+00:00,15631,215,276,58,387,15677,"20, 89, 259, 732, 605, 330, 94, 400, 377, 838, 22, 502, 295, 327, 78, 703"
langchain,1,9fb0db6937e403c8e2f2be876d5534181da96958,2025-03-18 21:57:12+00:00,15631,215,276,58,387,15677,"20, 89, 259, 732, 605, 330, 94, 400, 377, 838, 22, 502, 295, 327, 78, 703"
langchain,1,f949d9a3d3c1219fa79ecfe28fae3278b7900787,2025-03-18 22:39:21-04:00,15631,215,276,58,387,15677,"20, 89, 259, 732, 605, 330, 94, 400, 377, 838, 22, 502, 295, 327, 78, 703"
langchain,1,38b48d257d8bf110df9b1237855bff9205d57107,2025-03-18 22:44:12-04:00,15631,215,276,58,387,15677,"20, 89, 259, 732, 605, 330, 94, 400, 377, 838, 22, 502, 295, 327, 78, 703"
langchain,1,f5a0092551ca711727a905421898038b441108eb,2025-03-18 19:44:19-07:00,15630,215,276,58,387,15676,"20, 89, 259, 732, 605, 330, 94, 400, 377, 838, 22, 502, 295, 327, 78, 703"
langchain,1,0ba03d8f3a40eafca6fe2f688046778653e117d2,2025-03-19 03:17:47+00:00,15630,215,276,58,387,15676,"20, 89, 259, 732, 605, 330, 94, 400, 377, 838, 22, 502, 295, 327, 78, 703"
langchain,1,57ffacadd0a3941f3087bb6ed8168b359529d768,2025-03-19 08:57:59-04:00,15630,215,276,58,387,15676,"20, 89, 259, 732, 605, 330, 94, 400, 377, 838, 22, 502, 295, 327, 78, 703"
langchain,1,07cb41ea9e532c1c9af7fb589119d255204db0b1,2025-03-19 09:07:28-04:00,15630,215,276,58,387,15676,"20, 89, 259, 732, 605, 330, 94, 400, 377, 838, 22, 502, 295, 327, 78, 703"
langchain,1,4d1d726e61ed58b39278903262d19bbe9f010772,2025-03-19 13:26:07+00:00,15630,215,276,58,387,15676,"20, 89, 259, 732, 605, 330, 94, 400, 377, 838, 22, 502, 295, 327, 78, 703"
langchain,1,83cfb9691f2b00b22554905a9ea437e169ab9674,2025-03-19 10:35:35-04:00,15630,215,276,58,387,15676,"20, 89, 259, 732, 605, 330, 94, 400, 377, 838, 22, 502, 295, 327, 78, 703"
langchain,1,aae8306d6c1b921538265cf36e114513434a5e0c,2025-03-19 15:23:30+00:00,15630,215,276,58,387,15676,"20, 89, 259, 732, 605, 330, 94, 400, 377, 838, 22, 502, 295, 327, 78, 703"
langchain,1,5f812f59686466c9e92f614d29711e38c023574a,2025-03-19 15:35:32+00:00,15630,215,276,58,387,15676,"20, 89, 259, 732, 605, 330, 94, 400, 377, 838, 22, 502, 295, 327, 78, 703"
langchain,1,5ede4248eff56de917ce274a6cc408b0a32a9827,2025-03-19 15:54:18+00:00,15630,215,276,58,387,15676,"20, 89, 259, 732, 605, 330, 94, 400, 377, 838, 22, 502, 295, 327, 78, 703"
langchain,1,37190881d34f70242b1fc3c7732f6eb810986e8e,2025-03-19 17:48:38+00:00,15646,215,276,58,387,15692,"20, 89, 259, 732, 605, 330, 94, 400, 377, 838, 22, 502, 295, 327, 78, 703"
langchain,1,4130e6476ba4d59b7e76e12029a154883df75d07,2025-03-19 11:46:23-07:00,15646,215,276,58,387,15692,"20, 89, 259, 732, 605, 330, 94, 400, 377, 838, 22, 502, 295, 327, 78, 703"
langchain,1,8265be4d3e58a6763a96b723489953131f780d14,2025-03-19 18:53:17+00:00,15646,215,276,58,387,15692,"20, 89, 259, 732, 605, 330, 94, 400, 377, 838, 22, 502, 295, 327, 78, 703"
langchain,1,ce84f8ba7e14fc373e0ec410a062ac70d7032088,2025-03-19 19:05:06+00:00,15646,215,276,58,387,15692,"20, 89, 259, 732, 605, 330, 94, 400, 377, 838, 22, 502, 295, 327, 78, 703"
langchain,1,73c04f4707f97b6f892126a71610234f924f4549,2025-03-19 15:09:08-04:00,15646,215,276,58,387,15692,"20, 89, 259, 732, 605, 330, 94, 400, 377, 838, 22, 502, 295, 327, 78, 703"
langchain,1,65b16d3200ed912adaf5d855a3835122ea232f50,2025-03-19 15:20:21-04:00,15646,215,276,58,387,15692,"20, 89, 259, 732, 605, 330, 94, 400, 377, 838, 22, 502, 295, 327, 78, 703"
langchain,1,bffa530816a670b4594329bbb1537da7369dd785,2025-03-19 15:48:58-04:00,15646,215,276,58,387,15692,"20, 89, 259, 732, 605, 330, 94, 400, 377, 838, 22, 502, 295, 327, 78, 703"
langchain,1,9b687d7fbd3049a968c7ed0f9d74a91a03964186,2025-03-19 16:29:07-04:00,15646,215,276,58,387,15692,"20, 89, 259, 732, 605, 330, 94, 400, 377, 838, 22, 502, 295, 327, 78, 703"
scikit-learn,1,38f108a61bbf30ec12b80e34d8574686d4828704,2025-03-19 22:54:17+01:00,9501,28,5,28,114,9392,"20, 259, 732, 330, 94, 400, 377, 502, 22, 838, 327, 78, 703"
langchain,1,4346aca5cf92c20557f04f10d9fe184b7ab4c4e7,2025-03-19 17:58:25-04:00,15646,215,276,58,387,15692,"20, 89, 259, 732, 605, 330, 94, 400, 377, 838, 22, 502, 295, 327, 78, 703"
scikit-learn,1,cd0478f42b2c873853e6317e3c4f2793dc149636,2025-03-19 22:52:39+00:00,9501,28,5,28,114,9392,"20, 259, 732, 330, 94, 400, 377, 502, 22, 838, 327, 78, 703"
langchain,1,aa5ac9279a9315ed6c7eb006d9c1c93532f3dd1f,2025-03-19 19:29:57-04:00,15646,215,276,58,387,15692,"20, 89, 259, 732, 605, 330, 94, 400, 377, 838, 22, 502, 295, 327, 78, 703"
langchain,1,b5992695ae147f93c38bac241932e8a84c743821,2025-03-19 20:19:32-04:00,15646,215,276,58,387,15692,"20, 89, 259, 732, 605, 330, 94, 400, 377, 838, 22, 502, 295, 327, 78, 703"
langchain,1,c0ffc9aa29aedac9aa03274a1f9c9ab0190cf69e,2025-03-20 00:25:10+00:00,15646,215,276,58,387,15692,"20, 89, 259, 732, 605, 330, 94, 400, 377, 838, 22, 502, 295, 327, 78, 703"
langchain,1,1103bdfaf187c97ce05152064a94b1343a7e04b3,2025-03-19 21:47:18-04:00,15648,215,276,58,387,15694,"20, 89, 259, 732, 605, 330, 94, 400, 377, 838, 22, 502, 295, 327, 78, 703"
scikit-learn,1,0fb9e8c4c95d89aca88db2a954fd15c1bde72597,2025-03-20 13:26:51+01:00,9501,28,5,28,114,9392,"20, 259, 732, 330, 94, 400, 377, 502, 22, 838, 327, 78, 703"
langchain,1,b86cd8270cf8af7f99602c386ae3de120d085130,2025-03-20 13:17:07-04:00,15650,215,276,58,387,15696,"20, 89, 259, 732, 605, 330, 94, 400, 377, 838, 22, 502, 295, 327, 78, 703"
langchain,1,de3960d285c5412ef1eb9f39cb85b2d8fe2e0d96,2025-03-20 17:48:59+00:00,15653,215,276,58,387,15699,"20, 89, 259, 732, 605, 330, 94, 400, 377, 838, 22, 502, 295, 327, 78, 703"
scikit-learn,1,318a28243e8fc0866ff72003b2a462cdae491ebd,2025-03-20 19:37:18+01:00,9501,28,5,28,114,9392,"20, 259, 732, 330, 94, 400, 377, 502, 22, 838, 327, 78, 703"
langchain,1,5588ca4cfb3699c5c04cecea507c3f91630f3cd4,2025-03-20 18:52:53+00:00,15653,215,276,58,387,15699,"20, 89, 259, 732, 605, 330, 94, 400, 377, 838, 22, 502, 295, 327, 78, 703"
langchain,1,785a8e7d452438fe1739e07a6d5ab88464a031be,2025-03-20 15:38:40-04:00,15653,215,276,58,387,15699,"20, 89, 259, 732, 605, 330, 94, 400, 377, 838, 22, 502, 295, 327, 78, 703"
scikit-learn,1,dc6830e11df89de9c430c09d6255a47feb4e3a2e,2025-03-20 19:44:47+00:00,9501,28,5,28,114,9392,"20, 259, 732, 330, 94, 400, 377, 502, 22, 838, 327, 78, 703"
langchain,1,238f7fb34576f139bbd9cd1112b217574d761ca0,2025-03-20 16:13:48-04:00,15653,215,276,58,387,15699,"20, 89, 259, 732, 605, 330, 94, 400, 377, 838, 22, 502, 295, 327, 78, 703"
langchain,1,db1e340387d3025c33835c1cfc1d12a1c3335f13,2025-03-20 16:15:51-04:00,15653,215,276,58,387,15699,"20, 89, 259, 732, 605, 330, 94, 400, 377, 838, 22, 502, 295, 327, 78, 703"
langchain,1,49466ec9ca1da602522480342e4589a8c5ce79c9,2025-03-20 20:19:49+00:00,15653,215,276,58,387,15699,"20, 89, 259, 732, 605, 330, 94, 400, 377, 838, 22, 502, 295, 327, 78, 703"
langchain,1,e19490299464aa9a167cb6e41d8ff31a0c4b5717,2025-03-20 20:22:24+00:00,15653,215,276,58,387,15699,"20, 89, 259, 732, 605, 330, 94, 400, 377, 838, 22, 502, 295, 327, 78, 703"
langchain,1,d8145dda95d5a3d7c3e9feea1ff30eef25b14f00,2025-03-20 20:25:16+00:00,15653,215,276,58,387,15699,"20, 89, 259, 732, 605, 330, 94, 400, 377, 838, 22, 502, 295, 327, 78, 703"
scikit-learn,1,082669a31f2420c0e17b0959bedf19239be76b51,2025-03-20 21:44:57-04:00,9501,28,5,28,114,9392,"20, 259, 732, 330, 94, 400, 377, 502, 22, 838, 327, 78, 703"
scikit-learn,1,225b1e3827b31dc7350d5446a12f7e37cd37b7f3,2025-03-21 11:14:24+01:00,9501,28,5,28,114,9392,"20, 259, 732, 330, 94, 400, 377, 502, 22, 838, 327, 78, 703"
scikit-learn,1,89511842526b1f38cff35a2fc199bfd049cc2e1c,2025-03-21 15:58:59+01:00,9501,28,5,28,114,9392,"20, 259, 732, 330, 94, 400, 377, 502, 22, 838, 327, 78, 703"
langchain,1,5700646cc517ce3b5df729533ba2f3acf434c4e9,2025-03-21 15:44:54+00:00,15693,215,276,58,387,15739,"20, 89, 259, 732, 605, 330, 94, 400, 377, 838, 22, 502, 295, 327, 78, 703"
langchain,1,f657b19a247fea160d7d9510c991d8273282e11e,2025-03-21 11:45:31-04:00,15693,215,276,58,387,15739,"20, 89, 259, 732, 605, 330, 94, 400, 377, 838, 22, 502, 295, 327, 78, 703"
langchain,1,c77ee99980aa1ed1d62bfd4c77e6d104cc2261cc,2025-03-21 11:45:52-04:00,15693,215,276,58,387,15739,"20, 89, 259, 732, 605, 330, 94, 400, 377, 838, 22, 502, 295, 327, 78, 703"
langchain,1,8f300740ed716186bb6246fd11de7889c203426c,2025-03-21 11:46:26-04:00,15693,215,276,58,387,15739,"20, 89, 259, 732, 605, 330, 94, 400, 377, 838, 22, 502, 295, 327, 78, 703"
langchain,1,e8e3b2bfae324f73a465b9fd8930d9d25a1bc476,2025-03-21 15:50:08+00:00,15693,215,276,58,387,15739,"20, 89, 259, 732, 605, 330, 94, 400, 377, 838, 22, 502, 295, 327, 78, 703"
langchain,1,4852ab8d0a756700c2b2645baa53498ddde04040,2025-03-21 16:19:52+00:00,15703,215,276,58,387,15749,"20, 89, 259, 732, 605, 330, 94, 400, 377, 838, 22, 502, 295, 327, 78, 703"
langchain,1,b5f49df86a64a7cc80ed68ca44b3e7b07621d4d0,2025-03-21 16:35:37+00:00,15709,215,276,58,387,15755,"20, 89, 259, 732, 605, 330, 94, 400, 377, 838, 22, 502, 295, 327, 78, 703"
langchain,1,714790372432c3ed87b73fc1bc8f49b1f2d89010,2025-03-21 16:39:50+00:00,15709,215,276,58,387,15755,"20, 89, 259, 732, 605, 330, 94, 400, 377, 838, 22, 502, 295, 327, 78, 703"
langchain,1,c74dfff8367d7f64ec3ce1926435e5e2087c6fb8,2025-03-21 17:08:35+00:00,15705,215,276,58,387,15751,"20, 89, 259, 732, 605, 330, 94, 400, 377, 838, 22, 502, 295, 327, 78, 703"
langchain,1,1de7fa8f3af1d144e71e1ae77789ae17e89e8985,2025-03-21 17:14:31+00:00,15709,215,276,58,387,15755,"20, 89, 259, 732, 605, 330, 94, 400, 377, 838, 22, 502, 295, 327, 78, 703"
langchain,1,428de88398b84977156de811413b28843e9511ce,2025-03-21 14:18:50-04:00,15709,215,276,58,387,15755,"20, 89, 259, 732, 605, 330, 94, 400, 377, 838, 22, 502, 295, 327, 78, 703"
langchain,1,b78ae7817e4d5618f19cc7f1df8c7b5dff8e2d79,2025-03-21 14:37:28-04:00,15709,215,276,58,387,15755,"20, 89, 259, 732, 605, 330, 94, 400, 377, 838, 22, 502, 295, 327, 78, 703"
langchain,1,07823cd41c95ef1594f9075f70e9f7a633433842,2025-03-21 17:08:26-04:00,15713,215,276,58,387,15759,"20, 89, 259, 732, 605, 330, 94, 400, 377, 838, 22, 502, 295, 327, 78, 703"
langchain,1,3933a4abc3fa7d7c179cb88ac42dbb112fad3ba9,2025-03-21 18:25:26-04:00,15714,215,276,58,387,15760,"20, 89, 259, 732, 605, 330, 94, 400, 377, 838, 22, 502, 295, 327, 78, 703"
langchain,1,673ec000301e37a6a35f9e2bc5cf6562faed89dd,2025-03-21 18:59:40-04:00,15714,215,276,58,387,15760,"20, 89, 259, 732, 605, 330, 94, 400, 377, 838, 22, 502, 295, 327, 78, 703"
langchain,1,b75573e858a3b53427675f551e74dfd7e1dbb4c6,2025-03-21 23:05:29+00:00,15722,215,276,58,387,15768,"20, 89, 259, 732, 605, 330, 94, 400, 377, 838, 22, 502, 295, 327, 78, 703"
scikit-learn,1,a56c840ce0c743271413d921c975880c108dcc2b,2025-03-22 09:49:44+01:00,9501,28,5,28,114,9392,"20, 259, 732, 330, 94, 400, 377, 502, 22, 838, 327, 78, 703"
scikit-learn,1,3e3e14e7cd2adf81c395687b10d4e8659fc5405f,2025-03-22 08:52:44+00:00,9501,28,5,28,114,9392,"20, 259, 732, 330, 94, 400, 377, 502, 22, 838, 327, 78, 703"
scikit-learn,1,fbd3a04a7b071509910907fca2439e4792d4dc71,2025-03-22 09:09:54+00:00,9501,28,5,28,114,9392,"20, 259, 732, 330, 94, 400, 377, 502, 22, 838, 327, 78, 703"
scikit-learn,1,4cd9d78579cff78217880a337fe870863185d440,2025-03-22 10:49:53+01:00,9501,28,5,28,114,9392,"20, 259, 732, 330, 94, 400, 377, 502, 22, 838, 327, 78, 703"
langchain,1,7750ad588bc1966bd868a02e802e2e9dd35bf241,2025-03-22 07:43:33-04:00,15722,215,276,58,387,15768,"20, 89, 259, 732, 605, 330, 94, 400, 377, 838, 22, 502, 295, 327, 78, 703"
langchain,1,5383abfeeeecdf310c25314bebe4acc31c7ca14a,2025-03-22 07:44:51-04:00,15722,215,276,58,387,15768,"20, 89, 259, 732, 605, 330, 94, 400, 377, 838, 22, 502, 295, 327, 78, 703"
langchain,1,6484635ac381a0730a216c826f8d4dc6d37b00ff,2025-03-22 07:52:08-04:00,15722,215,276,58,387,15768,"20, 89, 259, 732, 605, 330, 94, 400, 377, 838, 22, 502, 295, 327, 78, 703"
langchain,1,e81b82ee0bb63416ba2f12418a86585e90326649,2025-03-22 12:57:36-04:00,15722,215,276,58,387,15768,"20, 89, 259, 732, 605, 330, 94, 400, 377, 838, 22, 502, 295, 327, 78, 703"
langchain,1,31551dab4089e51f145373eaf5839887117cb21e,2025-03-22 19:27:21+00:00,15722,215,276,58,387,15768,"20, 89, 259, 732, 605, 330, 94, 400, 377, 838, 22, 502, 295, 327, 78, 703"
langchain,1,699475a01d825e57e070f9efcefd0a4d367fa022,2025-03-22 15:27:49-04:00,15722,215,276,58,387,15768,"20, 89, 259, 732, 605, 330, 94, 400, 377, 838, 22, 502, 295, 327, 78, 703"
langchain,1,e7032901c37c33adaede5fc7ccde6c6505c2207a,2025-03-22 17:27:39-04:00,15722,215,276,58,387,15768,"20, 89, 259, 732, 605, 330, 94, 400, 377, 838, 22, 502, 295, 327, 78, 703"
langchain,1,bbbd4e1db84cce8f1ee01522ca43c2fae7dc2e9f,2025-03-22 17:29:45-04:00,15722,215,276,58,387,15768,"20, 89, 259, 732, 605, 330, 94, 400, 377, 838, 22, 502, 295, 327, 78, 703"
langchain,1,d867afff1c02a0b5d38cef4d860814fe45f615da,2025-03-22 18:07:08-04:00,15722,215,276,58,387,15768,"20, 89, 259, 732, 605, 330, 94, 400, 377, 838, 22, 502, 295, 327, 78, 703"
langchain,1,3848a1371da1a5bc6a4b0fcae461afcf529dc328,2025-03-22 18:09:09-04:00,15722,215,276,58,387,15768,"20, 89, 259, 732, 605, 330, 94, 400, 377, 838, 22, 502, 295, 327, 78, 703"
langchain,1,e2d9fe766f5eba2e9fa048a498eecaed3e1b1516,2025-03-23 14:05:24-04:00,15722,215,276,58,387,15768,"20, 89, 259, 732, 605, 330, 94, 400, 377, 838, 22, 502, 295, 327, 78, 703"
langchain,1,df4448dfac8c9d42adda0dc4518aebf8050d6860,2025-03-23 14:34:41-04:00,15723,215,276,58,387,15769,"20, 89, 259, 732, 605, 330, 94, 400, 377, 838, 22, 502, 295, 327, 78, 703"
langchain,1,33f1ab15284f9036963f9151cbce7e321b0fecef,2025-03-23 14:48:03-04:00,15723,215,276,58,387,15769,"20, 89, 259, 732, 605, 330, 94, 400, 377, 838, 22, 502, 295, 327, 78, 703"
